"id","txTime","address","txId","lockedVal","lockedHeight","unlockedHeight"
"XpSpsdR1GfJPneu8UdjouwdAzhgUwYza62_30ac597fd3b8ae5fdff3fc1ef903a38c34a282af1f63b0eb45f60c096e46a9f8_0","1592793174","XpSpsdR1GfJPneu8UdjouwdAzhgUwYza62","30ac597fd3b8ae5fdff3fc1ef903a38c34a282af1f63b0eb45f60c096e46a9f8","3","1000000","4000000"
"XpSpsdR1GfJPneu8UdjouwdAzhgUwYza62_30ac597fd3b8ae5fdff3fc1ef903a38c34a282af1f63b0eb45f60c096e46a9f8_1","1592793174","XpSpsdR1GfJPneu8UdjouwdAzhgUwYza62","30ac597fd3b8ae5fdff3fc1ef903a38c34a282af1f63b0eb45f60c096e46a9f8","3","1000000","5500000"
"XpSpsdR1GfJPneu8UdjouwdAzhgUwYza62_eb30f2fb133bd3e3cbcdda3e05b79a7caa9e05790a7062fe1a8753ec7418f6cd_0","1679929035","XpSpsdR1GfJPneu8UdjouwdAzhgUwYza62","eb30f2fb133bd3e3cbcdda3e05b79a7caa9e05790a7062fe1a8753ec7418f6cd","1000","1000000","6000000"
"XeikDcydi4hXPZP6wJ3dfg8VnNM97dnEbb_64f5ec77cb6fa4df0ff1eecd6592a1fba6422caf1a68e0a7ad0ecd927d471388_0","1649142744","XeikDcydi4hXPZP6wJ3dfg8VnNM97dnEbb","64f5ec77cb6fa4df0ff1eecd6592a1fba6422caf1a68e0a7ad0ecd927d471388","0.099","2728796","4000000"
"XeikDcydi4hXPZP6wJ3dfg8VnNM97dnEbb_45e2249d7e12bcea6b2ba44eec9025e9c4651670c548de834e1bf44e5bf9f2a1_0","1662060812","XeikDcydi4hXPZP6wJ3dfg8VnNM97dnEbb","45e2249d7e12bcea6b2ba44eec9025e9c4651670c548de834e1bf44e5bf9f2a1","99.901","3000000","6000000"
"XeikDcydi4hXPZP6wJ3dfg8VnNM97dnEbb_45e2249d7e12bcea6b2ba44eec9025e9c4651670c548de834e1bf44e5bf9f2a1_1","1662060812","XeikDcydi4hXPZP6wJ3dfg8VnNM97dnEbb","45e2249d7e12bcea6b2ba44eec9025e9c4651670c548de834e1bf44e5bf9f2a1","1000","3000000","4600000"